Jelani Roy,41282626631,PF,271832571,50
Dana Mendoza,26673788643,PF,-361457315,50
Dante Gibson,16846369443,PF,689771602,50
Yuli Shannon,33578172376,PF,-206992538,50
Honorato Kirkland,84743496887,PF,1136064659,50
Gemma Meyer,32836462755,PF,-1895130694,50
Rebecca Rich,85359261732,PF,516698014,50
Brenna Barrett,68435824496,PF,1296045511,50
Hendrerit Neque Foundation,null,PJ,-1280886573,50
Curabitur Sed Tortor Consulting,null,PJ,47164338,50
Elit Foundation,null,PJ,1316636409,50
Orci Quis Lectus Inc.,null,PJ,1151720246,50
Nam Porttitor Scelerisque LLC,null,PJ,-2108247058,50
Egestas A Scelerisque LLC,null,PJ,1173441073,50
Nec Tempus Associates,null,PJ,1364284030,50
Commodo Hendrerit Donec Foundation,null,PJ,454297309,50
Vitae Semper Incorporated,null,PJ,-1118295114,50
Vivamus Rhoncus Limited,null,PJ,-440123209,50
Tempor Lorem Limited,null,PJ,306084043,50
Tempus Non Lacinia Associates,null,PJ,193805241,50
Mattis Cras Eget Ltd,null,PJ,1344552065,50
Et LLP,null,PJ,-1515520226,50
Sodales At Limited,null,PJ,1128302453,50
Cum Sociis Inc.,null,PJ,1645197880,50
Dui Augue Eu Foundation,null,PJ,354165835,50
Interdum Curabitur Dictum Inc.,null,PJ,1144251164,50
Ullamcorper Velit In Industries,null,PJ,-150200286,50
Blandit Institute,null,PJ,-1058433144,50
Quisque Imperdiet Company,null,PJ,1397965224,50
Sed Dolor Fusce Incorporated,null,PJ,-2131382350,50
Auctor Velit Associates,null,PJ,-1607888609,50
Eget Foundation,null,PJ,1559457743,50
Mi Felis Corporation,null,PJ,-363683248,50
Charissa Morrow,66834576697,PF,883290282,50
Jana Goff,42536284185,PF,-2098633704,50
Naida Chen,65815512283,PF,-2031136224,50
Cullen Gay,99874626571,PF,2071932917,50
Selma Mays,75966249895,PF,-266338451,50
Delilah Morgan,56436457278,PF,-619293848,50
Quinlan Snider,27435424561,PF,1517942759,50
Amery Wolf,72458656574,PF,-154492201,50
Neve Workman,96973526184,PF,1927888109,50
Melinda Gay,38227888711,PF,-1622345293,50
Heidi Byrd,22562631278,PF,1445091527,50
Clementine Mcclain,82382846893,PF,1222706267,50
Alfonso Bernard,25472123721,PF,1181456605,50
Quintessa Jensen,84284356179,PF,142535729,50
Jaden Pruitt,38643325955,PF,961887109,50
Alfonso Waller,38358685475,PF,2071142540,50
Aidan Noel,36815123171,PF,-396077531,50
Demetria Mitchell,84369787216,PF,89793215,50
Nathan Whitehead,57583477717,PF,1616896484,50
Cecilia Wiggins,56382299665,PF,2129093443,50
Ciara Atkinson,42555657552,PF,895300065,50
Raymond Kane,74737857844,PF,-1264198822,50
Tellus Sem Mollis Foundation,null,PJ,-2073074063,50
Vitae LLP,null,PJ,1287685822,50
A Purus Limited,null,PJ,-1158182622,50
Cursus Foundation,null,PJ,708843934,50
Eget Limited,null,PJ,-828100370,50
Suspendisse Non Leo Ltd,null,PJ,1706856263,50
Elit Consulting,null,PJ,-1227237718,50
Donec Elementum Corp.,null,PJ,1368357609,50
Arcu Sed Associates,null,PJ,1356396203,50
Mattis Consulting,null,PJ,-970864560,50
Felis Associates,null,PJ,1676471330,50
Integer Mollis Integer Ltd,null,PJ,721965149,50
Non Corp.,null,PJ,-1882660419,50
Malesuada Augue Ut Consulting,null,PJ,-781753835,50
In Hendrerit Corporation,null,PJ,1537140133,50
Bibendum Donec Corp.,null,PJ,1138415347,50
Nunc Institute,null,PJ,-475229092,50
Accumsan Convallis Ante Foundation,null,PJ,693211685,50
Eu Sem LLC,null,PJ,-328933750,50
Olga Boyd,44478279118,PF,-1356019207,50
Jael Moore,42954375888,PF,2082092578,50
Chava Woodard,18385314333,PF,-395019348,50
Jacob Crane,48837714184,PF,-188904862,50
Cheryl Cole,26822766817,PF,-1953636656,50
Lois Townsend,56967268454,PF,544707741,50
Blake Burnett,87755448559,PF,-887404531,50
Vivian Sanders,62766823732,PF,995757460,50
Yen Ortiz,63587424215,PF,-285843306,50
Gil Mccray,32511252397,PF,734348394,50
Alexa Elliott,23975456163,PF,988941767,50
Kenyon Mack,13965567563,PF,-796021713,50
Abigail Hopper,84258132928,PF,-582976935,50
Demetria Vargas,43562897246,PF,1694822082,50
Tristique Neque Limited,null,PJ,2085941852,50
Dis Industries,null,PJ,-887994689,50
Sit Amet LLC,null,PJ,64233436,50
Nec Euismod Inc.,null,PJ,-1802133216,50
Nullam Lobortis Quam Institute,null,PJ,1651346158,50
Nunc Industries,null,PJ,-946579263,50
Adipiscing Elit Aliquam Incorporated,null,PJ,-1348521216,50
Cursus Foundation,null,PJ,-1432888725,50
Gravida Non Sollicitudin Institute,null,PJ,1766174813,50
Magna LLP,null,PJ,-365198909,50
Iaculis Odio Associates,null,PJ,1314110557,50
Amet Consectetuer Consulting,null,PJ,-86044426,50
Augue Scelerisque Corp.,null,PJ,-1281035070,50
Dillon Hays,65138347276,PF,-925265854,50
Neville Allison,55584623961,PF,-1662223363,50
Hayfa Nelson,68774933898,PF,628885632,50
Branden Davidson,36243282449,PF,1604418265,50
Delilah Caldwell,76932265227,PF,1435049933,50
Shafira Downs,85855623576,PF,-1920496164,50
Brady Barnes,75743721978,PF,1630161759,50
Oren Shields,51778323965,PF,1457095553,50
Elit Dictum Ltd,null,PJ,369842944,50
Rhoncus Proin Corp.,null,PJ,-1827228589,50
Quis Pede Institute,null,PJ,502434970,50
Orci Lacus Vestibulum Limited,null,PJ,-564181870,50
Brett Mccoy,68338454592,PF,-2506595,50
Nichole Hinton,16981835237,PF,-1500048346,50
Aretha Kinney,42743525482,PF,855946418,50
Elijah Soto,59871374582,PF,832845479,50
Mariam Mayo,23623288557,PF,-567524865,50
Sopoline Jordan,29378473794,PF,-551160819,50
Consectetuer Adipiscing Incorporated,null,PJ,314140070,50
Tincidunt Orci Quis Institute,null,PJ,1905834549,50
Feugiat Tellus Lorem Institute,null,PJ,-837260904,50
Aliquam Rutrum PC,null,PJ,40712978,50
Velit Egestas Consulting,null,PJ,1051684865,50
Ligula Foundation,null,PJ,-980849658,50
Mus Proin Vel Limited,null,PJ,170605278,50
Abraham Owens,84385663485,PF,1810020290,50
Benjamin Garner,27491553768,PF,1531268835,50
Maecenas Associates,null,PJ,1470214464,50
Est Vitae Sodales Inc.,null,PJ,951728845,50
Purus LLP,null,PJ,-1750756965,50
Nullam Scelerisque LLC,null,PJ,-1600330944,50
Tincidunt Nunc Ac Foundation,null,PJ,5722042,50
Arcu LLP,null,PJ,1263918507,50
Consequat Purus Limited,null,PJ,1563019150,50
Sed Dictum Eleifend Ltd,null,PJ,1903968586,50
Dui Nec Urna PC,null,PJ,-1138931718,50
Quail Rodriquez,53572577958,PF,881170938,50
Mauris Corp.,null,PJ,-1285546085,50
Purus Duis Institute,null,PJ,-456351045,50
Mauris Vel Ltd,null,PJ,-6005500,50
Nunc Sed Industries,null,PJ,-845823139,50
Tincidunt Pede Ac Company,null,PJ,1776626096,50
Nullam Suscipit Est PC,null,PJ,-1914978784,50
Nec Mollis Vitae Incorporated,null,PJ,-476938,50
Lectus Ante Dictum Industries,null,PJ,1582324285,50
Cursus Diam Inc.,null,PJ,-1608272948,50
Mus LLC,null,PJ,-673825517,50
Et Corporation,null,PJ,-1559135923,50
Feugiat Sed Foundation,null,PJ,828319741,50
Urna Vivamus Molestie Limited,null,PJ,1665863896,50
At Augue Institute,null,PJ,-1998315913,50
Tellus Suspendisse Consulting,null,PJ,1480652531,50
Dolor Quisque PC,null,PJ,1070789044,50
Risus Limited,null,PJ,-2022627968,50
Et Malesuada Industries,null,PJ,1408234037,50
Bibendum Sed Foundation,null,PJ,-450841812,50
Auctor Mauris Vel Corp.,null,PJ,287529694,50
Elit Pharetra Ut Institute,null,PJ,415600277,50
Non Vestibulum Corporation,null,PJ,-1746300618,50
Nulla Cras Eu Associates,null,PJ,-1505937831,50
Ulysses Dorsey,73764226457,PF,-1130564873,50
